virus,material,temperature,humidity,replicate,time,titer,n_wells,detection_limit_log10_titer,log10_titer,strain,trial_unique_name,grouping_name,trial_unique_id,titer_id
HCoV-19,Aerosols,21-23,65,1,0,316.22776601683825,4,0.5,2.5,HCoV-19,HCoV-19 Aerosols 21-23°C 65% RH,Aerosols 21-23°C 65% RH,5,1
HCoV-19,Aerosols,21-23,65,1,0.5,177.82794100389242,4,0.5,2.25,HCoV-19,HCoV-19 Aerosols 21-23°C 65% RH,Aerosols 21-23°C 65% RH,5,2
HCoV-19,Aerosols,21-23,65,1,1,316.22776601683825,4,0.5,2.5,HCoV-19,HCoV-19 Aerosols 21-23°C 65% RH,Aerosols 21-23°C 65% RH,5,3
HCoV-19,Aerosols,21-23,65,1,2,177.82794100389242,4,0.5,2.25,HCoV-19,HCoV-19 Aerosols 21-23°C 65% RH,Aerosols 21-23°C 65% RH,5,4
HCoV-19,Aerosols,21-23,65,1,3,100,4,0.5,2,HCoV-19,HCoV-19 Aerosols 21-23°C 65% RH,Aerosols 21-23°C 65% RH,5,5
HCoV-19,Aerosols,21-23,65,2,0,1000,4,0.5,3,HCoV-19,HCoV-19 Aerosols 21-23°C 65% RH,Aerosols 21-23°C 65% RH,5,6
HCoV-19,Aerosols,21-23,65,2,0.5,1000,4,0.5,3,HCoV-19,HCoV-19 Aerosols 21-23°C 65% RH,Aerosols 21-23°C 65% RH,5,7
HCoV-19,Aerosols,21-23,65,2,1,316.22776601683825,4,0.5,2.5,HCoV-19,HCoV-19 Aerosols 21-23°C 65% RH,Aerosols 21-23°C 65% RH,5,8
HCoV-19,Aerosols,21-23,65,2,2,56.234132519034915,4,0.5,1.75,HCoV-19,HCoV-19 Aerosols 21-23°C 65% RH,Aerosols 21-23°C 65% RH,5,9
HCoV-19,Aerosols,21-23,65,2,3,316.22776601683825,4,0.5,2.5,HCoV-19,HCoV-19 Aerosols 21-23°C 65% RH,Aerosols 21-23°C 65% RH,5,10
HCoV-19,Aerosols,21-23,65,3,0,1000,4,0.5,3,HCoV-19,HCoV-19 Aerosols 21-23°C 65% RH,Aerosols 21-23°C 65% RH,5,11
HCoV-19,Aerosols,21-23,65,3,0.5,316.22776601683825,4,0.5,2.5,HCoV-19,HCoV-19 Aerosols 21-23°C 65% RH,Aerosols 21-23°C 65% RH,5,12
HCoV-19,Aerosols,21-23,65,3,1,177.82794100389242,4,0.5,2.25,HCoV-19,HCoV-19 Aerosols 21-23°C 65% RH,Aerosols 21-23°C 65% RH,5,13
HCoV-19,Aerosols,21-23,65,3,2,316.22776601683825,4,0.5,2.5,HCoV-19,HCoV-19 Aerosols 21-23°C 65% RH,Aerosols 21-23°C 65% RH,5,14
HCoV-19,Aerosols,21-23,65,3,3,56.234132519034915,4,0.5,1.75,HCoV-19,HCoV-19 Aerosols 21-23°C 65% RH,Aerosols 21-23°C 65% RH,5,15
HCoV-19,Cardboard,21-23,40,1,0,316.22776601683825,4,0.5,2.5,HCoV-19,HCoV-19 Cardboard 21-23°C 40% RH,Cardboard 21-23°C 40% RH,1,16
HCoV-19,Cardboard,21-23,40,1,1,1778.2794100389244,4,0.5,3.25,HCoV-19,HCoV-19 Cardboard 21-23°C 40% RH,Cardboard 21-23°C 40% RH,1,17
HCoV-19,Cardboard,21-23,40,1,4,177.82794100389242,4,0.5,2.25,HCoV-19,HCoV-19 Cardboard 21-23°C 40% RH,Cardboard 21-23°C 40% RH,1,18
HCoV-19,Cardboard,21-23,40,1,8,31.622776601683803,4,0.5,1.5,HCoV-19,HCoV-19 Cardboard 21-23°C 40% RH,Cardboard 21-23°C 40% RH,1,19
HCoV-19,Cardboard,21-23,40,1,24,3.1622776601683795,4,0.5,0.5,HCoV-19,HCoV-19 Cardboard 21-23°C 40% RH,Cardboard 21-23°C 40% RH,1,20
HCoV-19,Cardboard,21-23,40,1,48,3.1622776601683795,4,0.5,0.5,HCoV-19,HCoV-19 Cardboard 21-23°C 40% RH,Cardboard 21-23°C 40% RH,1,21
HCoV-19,Cardboard,21-23,40,1,72,3.1622776601683795,4,0.5,0.5,HCoV-19,HCoV-19 Cardboard 21-23°C 40% RH,Cardboard 21-23°C 40% RH,1,22
HCoV-19,Cardboard,21-23,40,1,96,3.1622776601683795,4,0.5,0.5,HCoV-19,HCoV-19 Cardboard 21-23°C 40% RH,Cardboard 21-23°C 40% RH,1,23
HCoV-19,Cardboard,21-23,40,1,120,3.1622776601683795,4,0.5,0.5,HCoV-19,HCoV-19 Cardboard 21-23°C 40% RH,Cardboard 21-23°C 40% RH,1,24
HCoV-19,Cardboard,21-23,40,1,144,3.1622776601683795,4,0.5,0.5,HCoV-19,HCoV-19 Cardboard 21-23°C 40% RH,Cardboard 21-23°C 40% RH,1,25
HCoV-19,Cardboard,21-23,40,1,168,3.1622776601683795,4,0.5,0.5,HCoV-19,HCoV-19 Cardboard 21-23°C 40% RH,Cardboard 21-23°C 40% RH,1,26
HCoV-19,Cardboard,21-23,40,2,0,177.82794100389242,4,0.5,2.25,HCoV-19,HCoV-19 Cardboard 21-23°C 40% RH,Cardboard 21-23°C 40% RH,1,27
HCoV-19,Cardboard,21-23,40,2,1,316.22776601683825,4,0.5,2.5,HCoV-19,HCoV-19 Cardboard 21-23°C 40% RH,Cardboard 21-23°C 40% RH,1,28
HCoV-19,Cardboard,21-23,40,2,4,100,4,0.5,2,HCoV-19,HCoV-19 Cardboard 21-23°C 40% RH,Cardboard 21-23°C 40% RH,1,29
HCoV-19,Cardboard,21-23,40,2,8,177.82794100389242,4,0.5,2.25,HCoV-19,HCoV-19 Cardboard 21-23°C 40% RH,Cardboard 21-23°C 40% RH,1,30
HCoV-19,Cardboard,21-23,40,2,24,17.782794100389236,4,0.5,1.25,HCoV-19,HCoV-19 Cardboard 21-23°C 40% RH,Cardboard 21-23°C 40% RH,1,31
HCoV-19,Cardboard,21-23,40,2,48,3.1622776601683795,4,0.5,0.5,HCoV-19,HCoV-19 Cardboard 21-23°C 40% RH,Cardboard 21-23°C 40% RH,1,32
HCoV-19,Cardboard,21-23,40,2,72,3.1622776601683795,4,0.5,0.5,HCoV-19,HCoV-19 Cardboard 21-23°C 40% RH,Cardboard 21-23°C 40% RH,1,33
HCoV-19,Cardboard,21-23,40,2,96,3.1622776601683795,4,0.5,0.5,HCoV-19,HCoV-19 Cardboard 21-23°C 40% RH,Cardboard 21-23°C 40% RH,1,34
HCoV-19,Cardboard,21-23,40,2,120,3.1622776601683795,4,0.5,0.5,HCoV-19,HCoV-19 Cardboard 21-23°C 40% RH,Cardboard 21-23°C 40% RH,1,35
HCoV-19,Cardboard,21-23,40,2,144,3.1622776601683795,4,0.5,0.5,HCoV-19,HCoV-19 Cardboard 21-23°C 40% RH,Cardboard 21-23°C 40% RH,1,36
HCoV-19,Cardboard,21-23,40,2,168,3.1622776601683795,4,0.5,0.5,HCoV-19,HCoV-19 Cardboard 21-23°C 40% RH,Cardboard 21-23°C 40% RH,1,37
HCoV-19,Cardboard,21-23,40,3,0,1000,4,0.5,3,HCoV-19,HCoV-19 Cardboard 21-23°C 40% RH,Cardboard 21-23°C 40% RH,1,38
HCoV-19,Cardboard,21-23,40,3,1,316.22776601683825,4,0.5,2.5,HCoV-19,HCoV-19 Cardboard 21-23°C 40% RH,Cardboard 21-23°C 40% RH,1,39
HCoV-19,Cardboard,21-23,40,3,4,100,4,0.5,2,HCoV-19,HCoV-19 Cardboard 21-23°C 40% RH,Cardboard 21-23°C 40% RH,1,40
HCoV-19,Cardboard,21-23,40,3,8,31.622776601683803,4,0.5,1.5,HCoV-19,HCoV-19 Cardboard 21-23°C 40% RH,Cardboard 21-23°C 40% RH,1,41
HCoV-19,Cardboard,21-23,40,3,24,5.623413251903492,4,0.5,0.75,HCoV-19,HCoV-19 Cardboard 21-23°C 40% RH,Cardboard 21-23°C 40% RH,1,42
HCoV-19,Cardboard,21-23,40,3,48,3.1622776601683795,4,0.5,0.5,HCoV-19,HCoV-19 Cardboard 21-23°C 40% RH,Cardboard 21-23°C 40% RH,1,43
HCoV-19,Cardboard,21-23,40,3,72,3.1622776601683795,4,0.5,0.5,HCoV-19,HCoV-19 Cardboard 21-23°C 40% RH,Cardboard 21-23°C 40% RH,1,44
HCoV-19,Cardboard,21-23,40,3,96,3.1622776601683795,4,0.5,0.5,HCoV-19,HCoV-19 Cardboard 21-23°C 40% RH,Cardboard 21-23°C 40% RH,1,45
HCoV-19,Cardboard,21-23,40,3,120,3.1622776601683795,4,0.5,0.5,HCoV-19,HCoV-19 Cardboard 21-23°C 40% RH,Cardboard 21-23°C 40% RH,1,46
HCoV-19,Cardboard,21-23,40,3,144,3.1622776601683795,4,0.5,0.5,HCoV-19,HCoV-19 Cardboard 21-23°C 40% RH,Cardboard 21-23°C 40% RH,1,47
HCoV-19,Cardboard,21-23,40,3,168,3.1622776601683795,4,0.5,0.5,HCoV-19,HCoV-19 Cardboard 21-23°C 40% RH,Cardboard 21-23°C 40% RH,1,48
HCoV-19,Copper,21-23,40,1,0,1778.2794100389244,4,1.5,3.25,HCoV-19,HCoV-19 Copper 21-23°C 40% RH,Copper 21-23°C 40% RH,2,49
HCoV-19,Copper,21-23,40,1,1,177.82794100389242,4,1.5,2.25,HCoV-19,HCoV-19 Copper 21-23°C 40% RH,Copper 21-23°C 40% RH,2,50
HCoV-19,Copper,21-23,40,1,4,56.234132519034915,4,1.5,1.75,HCoV-19,HCoV-19 Copper 21-23°C 40% RH,Copper 21-23°C 40% RH,2,51
HCoV-19,Copper,21-23,40,1,8,31.622776601683803,4,1.5,1.5,HCoV-19,HCoV-19 Copper 21-23°C 40% RH,Copper 21-23°C 40% RH,2,52
HCoV-19,Copper,21-23,40,1,24,31.622776601683803,4,1.5,1.5,HCoV-19,HCoV-19 Copper 21-23°C 40% RH,Copper 21-23°C 40% RH,2,53
HCoV-19,Copper,21-23,40,1,48,31.622776601683803,4,1.5,1.5,HCoV-19,HCoV-19 Copper 21-23°C 40% RH,Copper 21-23°C 40% RH,2,54
HCoV-19,Copper,21-23,40,1,72,31.622776601683803,4,1.5,1.5,HCoV-19,HCoV-19 Copper 21-23°C 40% RH,Copper 21-23°C 40% RH,2,55
HCoV-19,Copper,21-23,40,1,96,31.622776601683803,4,1.5,1.5,HCoV-19,HCoV-19 Copper 21-23°C 40% RH,Copper 21-23°C 40% RH,2,56
HCoV-19,Copper,21-23,40,1,120,31.622776601683803,4,1.5,1.5,HCoV-19,HCoV-19 Copper 21-23°C 40% RH,Copper 21-23°C 40% RH,2,57
HCoV-19,Copper,21-23,40,1,144,31.622776601683803,4,1.5,1.5,HCoV-19,HCoV-19 Copper 21-23°C 40% RH,Copper 21-23°C 40% RH,2,58
HCoV-19,Copper,21-23,40,1,168,31.622776601683803,4,1.5,1.5,HCoV-19,HCoV-19 Copper 21-23°C 40% RH,Copper 21-23°C 40% RH,2,59
HCoV-19,Copper,21-23,40,2,0,1000,4,1.5,3,HCoV-19,HCoV-19 Copper 21-23°C 40% RH,Copper 21-23°C 40% RH,2,60
HCoV-19,Copper,21-23,40,2,1,316.22776601683825,4,1.5,2.5,HCoV-19,HCoV-19 Copper 21-23°C 40% RH,Copper 21-23°C 40% RH,2,61
HCoV-19,Copper,21-23,40,2,4,31.622776601683803,4,1.5,1.5,HCoV-19,HCoV-19 Copper 21-23°C 40% RH,Copper 21-23°C 40% RH,2,62
HCoV-19,Copper,21-23,40,2,8,31.622776601683803,4,1.5,1.5,HCoV-19,HCoV-19 Copper 21-23°C 40% RH,Copper 21-23°C 40% RH,2,63
HCoV-19,Copper,21-23,40,2,24,31.622776601683803,4,1.5,1.5,HCoV-19,HCoV-19 Copper 21-23°C 40% RH,Copper 21-23°C 40% RH,2,64
HCoV-19,Copper,21-23,40,2,48,31.622776601683803,4,1.5,1.5,HCoV-19,HCoV-19 Copper 21-23°C 40% RH,Copper 21-23°C 40% RH,2,65
HCoV-19,Copper,21-23,40,2,72,31.622776601683803,4,1.5,1.5,HCoV-19,HCoV-19 Copper 21-23°C 40% RH,Copper 21-23°C 40% RH,2,66
HCoV-19,Copper,21-23,40,2,96,31.622776601683803,4,1.5,1.5,HCoV-19,HCoV-19 Copper 21-23°C 40% RH,Copper 21-23°C 40% RH,2,67
HCoV-19,Copper,21-23,40,2,120,31.622776601683803,4,1.5,1.5,HCoV-19,HCoV-19 Copper 21-23°C 40% RH,Copper 21-23°C 40% RH,2,68
HCoV-19,Copper,21-23,40,2,144,31.622776601683803,4,1.5,1.5,HCoV-19,HCoV-19 Copper 21-23°C 40% RH,Copper 21-23°C 40% RH,2,69
HCoV-19,Copper,21-23,40,2,168,31.622776601683803,4,1.5,1.5,HCoV-19,HCoV-19 Copper 21-23°C 40% RH,Copper 21-23°C 40% RH,2,70
HCoV-19,Copper,21-23,40,3,0,3162.2776601683804,4,1.5,3.5,HCoV-19,HCoV-19 Copper 21-23°C 40% RH,Copper 21-23°C 40% RH,2,71
HCoV-19,Copper,21-23,40,3,1,562.3413251903493,4,1.5,2.75,HCoV-19,HCoV-19 Copper 21-23°C 40% RH,Copper 21-23°C 40% RH,2,72
HCoV-19,Copper,21-23,40,3,4,177.82794100389242,4,1.5,2.25,HCoV-19,HCoV-19 Copper 21-23°C 40% RH,Copper 21-23°C 40% RH,2,73
HCoV-19,Copper,21-23,40,3,8,31.622776601683803,4,1.5,1.5,HCoV-19,HCoV-19 Copper 21-23°C 40% RH,Copper 21-23°C 40% RH,2,74
HCoV-19,Copper,21-23,40,3,24,31.622776601683803,4,1.5,1.5,HCoV-19,HCoV-19 Copper 21-23°C 40% RH,Copper 21-23°C 40% RH,2,75
HCoV-19,Copper,21-23,40,3,48,31.622776601683803,4,1.5,1.5,HCoV-19,HCoV-19 Copper 21-23°C 40% RH,Copper 21-23°C 40% RH,2,76
HCoV-19,Copper,21-23,40,3,72,31.622776601683803,4,1.5,1.5,HCoV-19,HCoV-19 Copper 21-23°C 40% RH,Copper 21-23°C 40% RH,2,77
HCoV-19,Copper,21-23,40,3,96,31.622776601683803,4,1.5,1.5,HCoV-19,HCoV-19 Copper 21-23°C 40% RH,Copper 21-23°C 40% RH,2,78
HCoV-19,Copper,21-23,40,3,120,31.622776601683803,4,1.5,1.5,HCoV-19,HCoV-19 Copper 21-23°C 40% RH,Copper 21-23°C 40% RH,2,79
HCoV-19,Copper,21-23,40,3,144,31.622776601683803,4,1.5,1.5,HCoV-19,HCoV-19 Copper 21-23°C 40% RH,Copper 21-23°C 40% RH,2,80
HCoV-19,Copper,21-23,40,3,168,31.622776601683803,4,1.5,1.5,HCoV-19,HCoV-19 Copper 21-23°C 40% RH,Copper 21-23°C 40% RH,2,81
HCoV-19,Plastic,21-23,40,1,0,10000,4,0.5,4,HCoV-19,HCoV-19 Plastic 21-23°C 40% RH,Plastic 21-23°C 40% RH,3,82
HCoV-19,Plastic,21-23,40,1,1,5623.413251903499,4,0.5,3.75,HCoV-19,HCoV-19 Plastic 21-23°C 40% RH,Plastic 21-23°C 40% RH,3,83
HCoV-19,Plastic,21-23,40,1,4,1000,4,0.5,3,HCoV-19,HCoV-19 Plastic 21-23°C 40% RH,Plastic 21-23°C 40% RH,3,84
HCoV-19,Plastic,21-23,40,1,8,1000,4,0.5,3,HCoV-19,HCoV-19 Plastic 21-23°C 40% RH,Plastic 21-23°C 40% RH,3,85
HCoV-19,Plastic,21-23,40,1,24,562.3413251903493,4,0.5,2.75,HCoV-19,HCoV-19 Plastic 21-23°C 40% RH,Plastic 21-23°C 40% RH,3,86
HCoV-19,Plastic,21-23,40,1,48,17.782794100389236,4,0.5,1.25,HCoV-19,HCoV-19 Plastic 21-23°C 40% RH,Plastic 21-23°C 40% RH,3,87
HCoV-19,Plastic,21-23,40,1,72,3.1622776601683795,4,0.5,0.5,HCoV-19,HCoV-19 Plastic 21-23°C 40% RH,Plastic 21-23°C 40% RH,3,88
HCoV-19,Plastic,21-23,40,1,96,3.1622776601683795,4,0.5,0.5,HCoV-19,HCoV-19 Plastic 21-23°C 40% RH,Plastic 21-23°C 40% RH,3,89
HCoV-19,Plastic,21-23,40,1,120,3.1622776601683795,4,0.5,0.5,HCoV-19,HCoV-19 Plastic 21-23°C 40% RH,Plastic 21-23°C 40% RH,3,90
HCoV-19,Plastic,21-23,40,1,144,3.1622776601683795,4,0.5,0.5,HCoV-19,HCoV-19 Plastic 21-23°C 40% RH,Plastic 21-23°C 40% RH,3,91
HCoV-19,Plastic,21-23,40,1,168,3.1622776601683795,4,0.5,0.5,HCoV-19,HCoV-19 Plastic 21-23°C 40% RH,Plastic 21-23°C 40% RH,3,92
HCoV-19,Plastic,21-23,40,2,0,3162.2776601683804,4,0.5,3.5,HCoV-19,HCoV-19 Plastic 21-23°C 40% RH,Plastic 21-23°C 40% RH,3,93
HCoV-19,Plastic,21-23,40,2,1,562.3413251903493,4,0.5,2.75,HCoV-19,HCoV-19 Plastic 21-23°C 40% RH,Plastic 21-23°C 40% RH,3,94
HCoV-19,Plastic,21-23,40,2,4,1778.2794100389244,4,0.5,3.25,HCoV-19,HCoV-19 Plastic 21-23°C 40% RH,Plastic 21-23°C 40% RH,3,95
HCoV-19,Plastic,21-23,40,2,8,562.3413251903493,4,0.5,2.75,HCoV-19,HCoV-19 Plastic 21-23°C 40% RH,Plastic 21-23°C 40% RH,3,96
HCoV-19,Plastic,21-23,40,2,24,56.234132519034915,4,0.5,1.75,HCoV-19,HCoV-19 Plastic 21-23°C 40% RH,Plastic 21-23°C 40% RH,3,97
HCoV-19,Plastic,21-23,40,2,48,56.234132519034915,4,0.5,1.75,HCoV-19,HCoV-19 Plastic 21-23°C 40% RH,Plastic 21-23°C 40% RH,3,98
HCoV-19,Plastic,21-23,40,2,72,5.623413251903492,4,0.5,0.75,HCoV-19,HCoV-19 Plastic 21-23°C 40% RH,Plastic 21-23°C 40% RH,3,99
HCoV-19,Plastic,21-23,40,2,96,3.1622776601683795,4,0.5,0.5,HCoV-19,HCoV-19 Plastic 21-23°C 40% RH,Plastic 21-23°C 40% RH,3,100
HCoV-19,Plastic,21-23,40,2,120,3.1622776601683795,4,0.5,0.5,HCoV-19,HCoV-19 Plastic 21-23°C 40% RH,Plastic 21-23°C 40% RH,3,101
HCoV-19,Plastic,21-23,40,2,144,3.1622776601683795,4,0.5,0.5,HCoV-19,HCoV-19 Plastic 21-23°C 40% RH,Plastic 21-23°C 40% RH,3,102
HCoV-19,Plastic,21-23,40,2,168,3.1622776601683795,4,0.5,0.5,HCoV-19,HCoV-19 Plastic 21-23°C 40% RH,Plastic 21-23°C 40% RH,3,103
HCoV-19,Plastic,21-23,40,3,0,3162.2776601683804,4,0.5,3.5,HCoV-19,HCoV-19 Plastic 21-23°C 40% RH,Plastic 21-23°C 40% RH,3,104
HCoV-19,Plastic,21-23,40,3,1,1778.2794100389244,4,0.5,3.25,HCoV-19,HCoV-19 Plastic 21-23°C 40% RH,Plastic 21-23°C 40% RH,3,105
HCoV-19,Plastic,21-23,40,3,4,3162.2776601683804,4,0.5,3.5,HCoV-19,HCoV-19 Plastic 21-23°C 40% RH,Plastic 21-23°C 40% RH,3,106
HCoV-19,Plastic,21-23,40,3,8,3162.2776601683804,4,0.5,3.5,HCoV-19,HCoV-19 Plastic 21-23°C 40% RH,Plastic 21-23°C 40% RH,3,107
HCoV-19,Plastic,21-23,40,3,24,1778.2794100389244,4,0.5,3.25,HCoV-19,HCoV-19 Plastic 21-23°C 40% RH,Plastic 21-23°C 40% RH,3,108
HCoV-19,Plastic,21-23,40,3,48,10,4,0.5,1,HCoV-19,HCoV-19 Plastic 21-23°C 40% RH,Plastic 21-23°C 40% RH,3,109
HCoV-19,Plastic,21-23,40,3,72,3.1622776601683795,4,0.5,0.5,HCoV-19,HCoV-19 Plastic 21-23°C 40% RH,Plastic 21-23°C 40% RH,3,110
HCoV-19,Plastic,21-23,40,3,96,3.1622776601683795,4,0.5,0.5,HCoV-19,HCoV-19 Plastic 21-23°C 40% RH,Plastic 21-23°C 40% RH,3,111
HCoV-19,Plastic,21-23,40,3,120,3.1622776601683795,4,0.5,0.5,HCoV-19,HCoV-19 Plastic 21-23°C 40% RH,Plastic 21-23°C 40% RH,3,112
HCoV-19,Plastic,21-23,40,3,144,3.1622776601683795,4,0.5,0.5,HCoV-19,HCoV-19 Plastic 21-23°C 40% RH,Plastic 21-23°C 40% RH,3,113
HCoV-19,Plastic,21-23,40,3,168,3.1622776601683795,4,0.5,0.5,HCoV-19,HCoV-19 Plastic 21-23°C 40% RH,Plastic 21-23°C 40% RH,3,114
HCoV-19,Steel,21-23,40,1,0,3162.2776601683804,4,0.5,3.5,HCoV-19,HCoV-19 Steel 21-23°C 40% RH,Steel 21-23°C 40% RH,4,115
HCoV-19,Steel,21-23,40,1,1,1778.2794100389244,4,0.5,3.25,HCoV-19,HCoV-19 Steel 21-23°C 40% RH,Steel 21-23°C 40% RH,4,116
HCoV-19,Steel,21-23,40,1,4,1000,4,0.5,3,HCoV-19,HCoV-19 Steel 21-23°C 40% RH,Steel 21-23°C 40% RH,4,117
HCoV-19,Steel,21-23,40,1,8,1000,4,0.5,3,HCoV-19,HCoV-19 Steel 21-23°C 40% RH,Steel 21-23°C 40% RH,4,118
HCoV-19,Steel,21-23,40,1,24,100,4,0.5,2,HCoV-19,HCoV-19 Steel 21-23°C 40% RH,Steel 21-23°C 40% RH,4,119
HCoV-19,Steel,21-23,40,1,48,3.1622776601683795,4,0.5,0.5,HCoV-19,HCoV-19 Steel 21-23°C 40% RH,Steel 21-23°C 40% RH,4,120
HCoV-19,Steel,21-23,40,1,72,5.623413251903492,4,0.5,0.75,HCoV-19,HCoV-19 Steel 21-23°C 40% RH,Steel 21-23°C 40% RH,4,121
HCoV-19,Steel,21-23,40,1,96,3.1622776601683795,4,0.5,0.5,HCoV-19,HCoV-19 Steel 21-23°C 40% RH,Steel 21-23°C 40% RH,4,122
HCoV-19,Steel,21-23,40,1,120,3.1622776601683795,4,0.5,0.5,HCoV-19,HCoV-19 Steel 21-23°C 40% RH,Steel 21-23°C 40% RH,4,123
HCoV-19,Steel,21-23,40,1,144,3.1622776601683795,4,0.5,0.5,HCoV-19,HCoV-19 Steel 21-23°C 40% RH,Steel 21-23°C 40% RH,4,124
HCoV-19,Steel,21-23,40,1,168,3.1622776601683795,4,0.5,0.5,HCoV-19,HCoV-19 Steel 21-23°C 40% RH,Steel 21-23°C 40% RH,4,125
HCoV-19,Steel,21-23,40,2,0,5623.413251903499,4,0.5,3.75,HCoV-19,HCoV-19 Steel 21-23°C 40% RH,Steel 21-23°C 40% RH,4,126
HCoV-19,Steel,21-23,40,2,1,5623.413251903499,4,0.5,3.75,HCoV-19,HCoV-19 Steel 21-23°C 40% RH,Steel 21-23°C 40% RH,4,127
HCoV-19,Steel,21-23,40,2,4,1000,4,0.5,3,HCoV-19,HCoV-19 Steel 21-23°C 40% RH,Steel 21-23°C 40% RH,4,128
HCoV-19,Steel,21-23,40,2,8,316.22776601683825,4,0.5,2.5,HCoV-19,HCoV-19 Steel 21-23°C 40% RH,Steel 21-23°C 40% RH,4,129
HCoV-19,Steel,21-23,40,2,24,100,4,0.5,2,HCoV-19,HCoV-19 Steel 21-23°C 40% RH,Steel 21-23°C 40% RH,4,130
HCoV-19,Steel,21-23,40,2,48,3.1622776601683795,4,0.5,0.5,HCoV-19,HCoV-19 Steel 21-23°C 40% RH,Steel 21-23°C 40% RH,4,131
HCoV-19,Steel,21-23,40,2,72,3.1622776601683795,4,0.5,0.5,HCoV-19,HCoV-19 Steel 21-23°C 40% RH,Steel 21-23°C 40% RH,4,132
HCoV-19,Steel,21-23,40,2,96,3.1622776601683795,4,0.5,0.5,HCoV-19,HCoV-19 Steel 21-23°C 40% RH,Steel 21-23°C 40% RH,4,133
HCoV-19,Steel,21-23,40,2,120,3.1622776601683795,4,0.5,0.5,HCoV-19,HCoV-19 Steel 21-23°C 40% RH,Steel 21-23°C 40% RH,4,134
HCoV-19,Steel,21-23,40,2,144,3.1622776601683795,4,0.5,0.5,HCoV-19,HCoV-19 Steel 21-23°C 40% RH,Steel 21-23°C 40% RH,4,135
HCoV-19,Steel,21-23,40,2,168,3.1622776601683795,4,0.5,0.5,HCoV-19,HCoV-19 Steel 21-23°C 40% RH,Steel 21-23°C 40% RH,4,136
HCoV-19,Steel,21-23,40,3,0,5623.413251903499,4,0.5,3.75,HCoV-19,HCoV-19 Steel 21-23°C 40% RH,Steel 21-23°C 40% RH,4,137
HCoV-19,Steel,21-23,40,3,1,1778.2794100389244,4,0.5,3.25,HCoV-19,HCoV-19 Steel 21-23°C 40% RH,Steel 21-23°C 40% RH,4,138
HCoV-19,Steel,21-23,40,3,4,1000,4,0.5,3,HCoV-19,HCoV-19 Steel 21-23°C 40% RH,Steel 21-23°C 40% RH,4,139
HCoV-19,Steel,21-23,40,3,8,3162.2776601683804,4,0.5,3.5,HCoV-19,HCoV-19 Steel 21-23°C 40% RH,Steel 21-23°C 40% RH,4,140
HCoV-19,Steel,21-23,40,3,24,56.234132519034915,4,0.5,1.75,HCoV-19,HCoV-19 Steel 21-23°C 40% RH,Steel 21-23°C 40% RH,4,141
HCoV-19,Steel,21-23,40,3,48,5.623413251903492,4,0.5,0.75,HCoV-19,HCoV-19 Steel 21-23°C 40% RH,Steel 21-23°C 40% RH,4,142
HCoV-19,Steel,21-23,40,3,72,3.1622776601683795,4,0.5,0.5,HCoV-19,HCoV-19 Steel 21-23°C 40% RH,Steel 21-23°C 40% RH,4,143
HCoV-19,Steel,21-23,40,3,96,3.1622776601683795,4,0.5,0.5,HCoV-19,HCoV-19 Steel 21-23°C 40% RH,Steel 21-23°C 40% RH,4,144
HCoV-19,Steel,21-23,40,3,120,3.1622776601683795,4,0.5,0.5,HCoV-19,HCoV-19 Steel 21-23°C 40% RH,Steel 21-23°C 40% RH,4,145
HCoV-19,Steel,21-23,40,3,144,3.1622776601683795,4,0.5,0.5,HCoV-19,HCoV-19 Steel 21-23°C 40% RH,Steel 21-23°C 40% RH,4,146
HCoV-19,Steel,21-23,40,3,168,3.1622776601683795,4,0.5,0.5,HCoV-19,HCoV-19 Steel 21-23°C 40% RH,Steel 21-23°C 40% RH,4,147
SARS-CoV-1,Aerosols,21-23,65,1,0,10000,4,0.5,4,SARS-CoV-1,SARS-CoV-1 Aerosols 21-23°C 65% RH,Aerosols 21-23°C 65% RH,10,148
SARS-CoV-1,Aerosols,21-23,65,1,0.5,3162.2776601683804,4,0.5,3.5,SARS-CoV-1,SARS-CoV-1 Aerosols 21-23°C 65% RH,Aerosols 21-23°C 65% RH,10,149
SARS-CoV-1,Aerosols,21-23,65,1,1,3162.2776601683804,4,0.5,3.5,SARS-CoV-1,SARS-CoV-1 Aerosols 21-23°C 65% RH,Aerosols 21-23°C 65% RH,10,150
SARS-CoV-1,Aerosols,21-23,65,1,2,3162.2776601683804,4,0.5,3.5,SARS-CoV-1,SARS-CoV-1 Aerosols 21-23°C 65% RH,Aerosols 21-23°C 65% RH,10,151
SARS-CoV-1,Aerosols,21-23,65,1,3,1000,4,0.5,3,SARS-CoV-1,SARS-CoV-1 Aerosols 21-23°C 65% RH,Aerosols 21-23°C 65% RH,10,152
SARS-CoV-1,Aerosols,21-23,65,2,0,5623.413251903499,4,0.5,3.75,SARS-CoV-1,SARS-CoV-1 Aerosols 21-23°C 65% RH,Aerosols 21-23°C 65% RH,10,153
SARS-CoV-1,Aerosols,21-23,65,2,0.5,3162.2776601683804,4,0.5,3.5,SARS-CoV-1,SARS-CoV-1 Aerosols 21-23°C 65% RH,Aerosols 21-23°C 65% RH,10,154
SARS-CoV-1,Aerosols,21-23,65,2,1,3162.2776601683804,4,0.5,3.5,SARS-CoV-1,SARS-CoV-1 Aerosols 21-23°C 65% RH,Aerosols 21-23°C 65% RH,10,155
SARS-CoV-1,Aerosols,21-23,65,2,2,5623.413251903499,4,0.5,3.75,SARS-CoV-1,SARS-CoV-1 Aerosols 21-23°C 65% RH,Aerosols 21-23°C 65% RH,10,156
SARS-CoV-1,Aerosols,21-23,65,2,3,1000,4,0.5,3,SARS-CoV-1,SARS-CoV-1 Aerosols 21-23°C 65% RH,Aerosols 21-23°C 65% RH,10,157
SARS-CoV-1,Aerosols,21-23,65,3,0,3162.2776601683804,4,0.5,3.5,SARS-CoV-1,SARS-CoV-1 Aerosols 21-23°C 65% RH,Aerosols 21-23°C 65% RH,10,158
SARS-CoV-1,Aerosols,21-23,65,3,0.5,5623.413251903499,4,0.5,3.75,SARS-CoV-1,SARS-CoV-1 Aerosols 21-23°C 65% RH,Aerosols 21-23°C 65% RH,10,159
SARS-CoV-1,Aerosols,21-23,65,3,1,1000,4,0.5,3,SARS-CoV-1,SARS-CoV-1 Aerosols 21-23°C 65% RH,Aerosols 21-23°C 65% RH,10,160
SARS-CoV-1,Aerosols,21-23,65,3,2,562.3413251903493,4,0.5,2.75,SARS-CoV-1,SARS-CoV-1 Aerosols 21-23°C 65% RH,Aerosols 21-23°C 65% RH,10,161
SARS-CoV-1,Aerosols,21-23,65,3,3,562.3413251903493,4,0.5,2.75,SARS-CoV-1,SARS-CoV-1 Aerosols 21-23°C 65% RH,Aerosols 21-23°C 65% RH,10,162
SARS-CoV-1,Cardboard,21-23,40,1,0,316.22776601683825,4,0.5,2.5,SARS-CoV-1,SARS-CoV-1 Cardboard 21-23°C 40% RH,Cardboard 21-23°C 40% RH,6,163
SARS-CoV-1,Cardboard,21-23,40,1,1,1000,4,0.5,3,SARS-CoV-1,SARS-CoV-1 Cardboard 21-23°C 40% RH,Cardboard 21-23°C 40% RH,6,164
SARS-CoV-1,Cardboard,21-23,40,1,4,5.623413251903492,4,0.5,0.75,SARS-CoV-1,SARS-CoV-1 Cardboard 21-23°C 40% RH,Cardboard 21-23°C 40% RH,6,165
SARS-CoV-1,Cardboard,21-23,40,1,8,3.1622776601683795,4,0.5,0.5,SARS-CoV-1,SARS-CoV-1 Cardboard 21-23°C 40% RH,Cardboard 21-23°C 40% RH,6,166
SARS-CoV-1,Cardboard,21-23,40,1,24,3.1622776601683795,4,0.5,0.5,SARS-CoV-1,SARS-CoV-1 Cardboard 21-23°C 40% RH,Cardboard 21-23°C 40% RH,6,167
SARS-CoV-1,Cardboard,21-23,40,1,48,3.1622776601683795,4,0.5,0.5,SARS-CoV-1,SARS-CoV-1 Cardboard 21-23°C 40% RH,Cardboard 21-23°C 40% RH,6,168
SARS-CoV-1,Cardboard,21-23,40,1,72,3.1622776601683795,4,0.5,0.5,SARS-CoV-1,SARS-CoV-1 Cardboard 21-23°C 40% RH,Cardboard 21-23°C 40% RH,6,169
SARS-CoV-1,Cardboard,21-23,40,1,96,3.1622776601683795,4,0.5,0.5,SARS-CoV-1,SARS-CoV-1 Cardboard 21-23°C 40% RH,Cardboard 21-23°C 40% RH,6,170
SARS-CoV-1,Cardboard,21-23,40,1,120,3.1622776601683795,4,0.5,0.5,SARS-CoV-1,SARS-CoV-1 Cardboard 21-23°C 40% RH,Cardboard 21-23°C 40% RH,6,171
SARS-CoV-1,Cardboard,21-23,40,1,144,3.1622776601683795,4,0.5,0.5,SARS-CoV-1,SARS-CoV-1 Cardboard 21-23°C 40% RH,Cardboard 21-23°C 40% RH,6,172
SARS-CoV-1,Cardboard,21-23,40,1,168,3.1622776601683795,4,0.5,0.5,SARS-CoV-1,SARS-CoV-1 Cardboard 21-23°C 40% RH,Cardboard 21-23°C 40% RH,6,173
SARS-CoV-1,Cardboard,21-23,40,2,0,1000,4,0.5,3,SARS-CoV-1,SARS-CoV-1 Cardboard 21-23°C 40% RH,Cardboard 21-23°C 40% RH,6,174
SARS-CoV-1,Cardboard,21-23,40,2,1,5.623413251903492,4,0.5,0.75,SARS-CoV-1,SARS-CoV-1 Cardboard 21-23°C 40% RH,Cardboard 21-23°C 40% RH,6,175
SARS-CoV-1,Cardboard,21-23,40,2,4,3.1622776601683795,4,0.5,0.5,SARS-CoV-1,SARS-CoV-1 Cardboard 21-23°C 40% RH,Cardboard 21-23°C 40% RH,6,176
SARS-CoV-1,Cardboard,21-23,40,2,8,31.622776601683803,4,0.5,1.5,SARS-CoV-1,SARS-CoV-1 Cardboard 21-23°C 40% RH,Cardboard 21-23°C 40% RH,6,177
SARS-CoV-1,Cardboard,21-23,40,2,24,3.1622776601683795,4,0.5,0.5,SARS-CoV-1,SARS-CoV-1 Cardboard 21-23°C 40% RH,Cardboard 21-23°C 40% RH,6,178
SARS-CoV-1,Cardboard,21-23,40,2,48,3.1622776601683795,4,0.5,0.5,SARS-CoV-1,SARS-CoV-1 Cardboard 21-23°C 40% RH,Cardboard 21-23°C 40% RH,6,179
SARS-CoV-1,Cardboard,21-23,40,2,72,3.1622776601683795,4,0.5,0.5,SARS-CoV-1,SARS-CoV-1 Cardboard 21-23°C 40% RH,Cardboard 21-23°C 40% RH,6,180
SARS-CoV-1,Cardboard,21-23,40,2,96,3.1622776601683795,4,0.5,0.5,SARS-CoV-1,SARS-CoV-1 Cardboard 21-23°C 40% RH,Cardboard 21-23°C 40% RH,6,181
SARS-CoV-1,Cardboard,21-23,40,2,120,3.1622776601683795,4,0.5,0.5,SARS-CoV-1,SARS-CoV-1 Cardboard 21-23°C 40% RH,Cardboard 21-23°C 40% RH,6,182
SARS-CoV-1,Cardboard,21-23,40,2,144,3.1622776601683795,4,0.5,0.5,SARS-CoV-1,SARS-CoV-1 Cardboard 21-23°C 40% RH,Cardboard 21-23°C 40% RH,6,183
SARS-CoV-1,Cardboard,21-23,40,2,168,3.1622776601683795,4,0.5,0.5,SARS-CoV-1,SARS-CoV-1 Cardboard 21-23°C 40% RH,Cardboard 21-23°C 40% RH,6,184
SARS-CoV-1,Cardboard,21-23,40,3,0,562.3413251903493,4,0.5,2.75,SARS-CoV-1,SARS-CoV-1 Cardboard 21-23°C 40% RH,Cardboard 21-23°C 40% RH,6,185
SARS-CoV-1,Cardboard,21-23,40,3,1,10,4,0.5,1,SARS-CoV-1,SARS-CoV-1 Cardboard 21-23°C 40% RH,Cardboard 21-23°C 40% RH,6,186
SARS-CoV-1,Cardboard,21-23,40,3,4,100,4,0.5,2,SARS-CoV-1,SARS-CoV-1 Cardboard 21-23°C 40% RH,Cardboard 21-23°C 40% RH,6,187
SARS-CoV-1,Cardboard,21-23,40,3,8,3.1622776601683795,4,0.5,0.5,SARS-CoV-1,SARS-CoV-1 Cardboard 21-23°C 40% RH,Cardboard 21-23°C 40% RH,6,188
SARS-CoV-1,Cardboard,21-23,40,3,24,3.1622776601683795,4,0.5,0.5,SARS-CoV-1,SARS-CoV-1 Cardboard 21-23°C 40% RH,Cardboard 21-23°C 40% RH,6,189
SARS-CoV-1,Cardboard,21-23,40,3,48,3.1622776601683795,4,0.5,0.5,SARS-CoV-1,SARS-CoV-1 Cardboard 21-23°C 40% RH,Cardboard 21-23°C 40% RH,6,190
SARS-CoV-1,Cardboard,21-23,40,3,72,3.1622776601683795,4,0.5,0.5,SARS-CoV-1,SARS-CoV-1 Cardboard 21-23°C 40% RH,Cardboard 21-23°C 40% RH,6,191
SARS-CoV-1,Cardboard,21-23,40,3,96,3.1622776601683795,4,0.5,0.5,SARS-CoV-1,SARS-CoV-1 Cardboard 21-23°C 40% RH,Cardboard 21-23°C 40% RH,6,192
SARS-CoV-1,Cardboard,21-23,40,3,120,3.1622776601683795,4,0.5,0.5,SARS-CoV-1,SARS-CoV-1 Cardboard 21-23°C 40% RH,Cardboard 21-23°C 40% RH,6,193
SARS-CoV-1,Cardboard,21-23,40,3,144,3.1622776601683795,4,0.5,0.5,SARS-CoV-1,SARS-CoV-1 Cardboard 21-23°C 40% RH,Cardboard 21-23°C 40% RH,6,194
SARS-CoV-1,Cardboard,21-23,40,3,168,3.1622776601683795,4,0.5,0.5,SARS-CoV-1,SARS-CoV-1 Cardboard 21-23°C 40% RH,Cardboard 21-23°C 40% RH,6,195
SARS-CoV-1,Copper,21-23,40,1,0,1778.2794100389244,4,1.5,3.25,SARS-CoV-1,SARS-CoV-1 Copper 21-23°C 40% RH,Copper 21-23°C 40% RH,7,196
SARS-CoV-1,Copper,21-23,40,1,1,5623.413251903499,4,1.5,3.75,SARS-CoV-1,SARS-CoV-1 Copper 21-23°C 40% RH,Copper 21-23°C 40% RH,7,197
SARS-CoV-1,Copper,21-23,40,1,4,1778.2794100389244,4,1.5,3.25,SARS-CoV-1,SARS-CoV-1 Copper 21-23°C 40% RH,Copper 21-23°C 40% RH,7,198
SARS-CoV-1,Copper,21-23,40,1,8,177.82794100389242,4,1.5,2.25,SARS-CoV-1,SARS-CoV-1 Copper 21-23°C 40% RH,Copper 21-23°C 40% RH,7,199
SARS-CoV-1,Copper,21-23,40,1,24,31.622776601683803,4,1.5,1.5,SARS-CoV-1,SARS-CoV-1 Copper 21-23°C 40% RH,Copper 21-23°C 40% RH,7,200
SARS-CoV-1,Copper,21-23,40,1,48,31.622776601683803,4,1.5,1.5,SARS-CoV-1,SARS-CoV-1 Copper 21-23°C 40% RH,Copper 21-23°C 40% RH,7,201
SARS-CoV-1,Copper,21-23,40,1,72,31.622776601683803,4,1.5,1.5,SARS-CoV-1,SARS-CoV-1 Copper 21-23°C 40% RH,Copper 21-23°C 40% RH,7,202
SARS-CoV-1,Copper,21-23,40,1,96,31.622776601683803,4,1.5,1.5,SARS-CoV-1,SARS-CoV-1 Copper 21-23°C 40% RH,Copper 21-23°C 40% RH,7,203
SARS-CoV-1,Copper,21-23,40,1,120,31.622776601683803,4,1.5,1.5,SARS-CoV-1,SARS-CoV-1 Copper 21-23°C 40% RH,Copper 21-23°C 40% RH,7,204
SARS-CoV-1,Copper,21-23,40,1,144,31.622776601683803,4,1.5,1.5,SARS-CoV-1,SARS-CoV-1 Copper 21-23°C 40% RH,Copper 21-23°C 40% RH,7,205
SARS-CoV-1,Copper,21-23,40,1,168,31.622776601683803,4,1.5,1.5,SARS-CoV-1,SARS-CoV-1 Copper 21-23°C 40% RH,Copper 21-23°C 40% RH,7,206
SARS-CoV-1,Copper,21-23,40,2,0,3162.2776601683804,4,1.5,3.5,SARS-CoV-1,SARS-CoV-1 Copper 21-23°C 40% RH,Copper 21-23°C 40% RH,7,207
SARS-CoV-1,Copper,21-23,40,2,1,316.22776601683825,4,1.5,2.5,SARS-CoV-1,SARS-CoV-1 Copper 21-23°C 40% RH,Copper 21-23°C 40% RH,7,208
SARS-CoV-1,Copper,21-23,40,2,4,1000,4,1.5,3,SARS-CoV-1,SARS-CoV-1 Copper 21-23°C 40% RH,Copper 21-23°C 40% RH,7,209
SARS-CoV-1,Copper,21-23,40,2,8,177.82794100389242,4,1.5,2.25,SARS-CoV-1,SARS-CoV-1 Copper 21-23°C 40% RH,Copper 21-23°C 40% RH,7,210
SARS-CoV-1,Copper,21-23,40,2,24,31.622776601683803,4,1.5,1.5,SARS-CoV-1,SARS-CoV-1 Copper 21-23°C 40% RH,Copper 21-23°C 40% RH,7,211
SARS-CoV-1,Copper,21-23,40,2,48,31.622776601683803,4,1.5,1.5,SARS-CoV-1,SARS-CoV-1 Copper 21-23°C 40% RH,Copper 21-23°C 40% RH,7,212
SARS-CoV-1,Copper,21-23,40,2,72,31.622776601683803,4,1.5,1.5,SARS-CoV-1,SARS-CoV-1 Copper 21-23°C 40% RH,Copper 21-23°C 40% RH,7,213
SARS-CoV-1,Copper,21-23,40,2,96,31.622776601683803,4,1.5,1.5,SARS-CoV-1,SARS-CoV-1 Copper 21-23°C 40% RH,Copper 21-23°C 40% RH,7,214
SARS-CoV-1,Copper,21-23,40,2,120,31.622776601683803,4,1.5,1.5,SARS-CoV-1,SARS-CoV-1 Copper 21-23°C 40% RH,Copper 21-23°C 40% RH,7,215
SARS-CoV-1,Copper,21-23,40,2,144,31.622776601683803,4,1.5,1.5,SARS-CoV-1,SARS-CoV-1 Copper 21-23°C 40% RH,Copper 21-23°C 40% RH,7,216
SARS-CoV-1,Copper,21-23,40,2,168,31.622776601683803,4,1.5,1.5,SARS-CoV-1,SARS-CoV-1 Copper 21-23°C 40% RH,Copper 21-23°C 40% RH,7,217
SARS-CoV-1,Copper,21-23,40,3,0,3162.2776601683804,4,1.5,3.5,SARS-CoV-1,SARS-CoV-1 Copper 21-23°C 40% RH,Copper 21-23°C 40% RH,7,218
SARS-CoV-1,Copper,21-23,40,3,1,1778.2794100389244,4,1.5,3.25,SARS-CoV-1,SARS-CoV-1 Copper 21-23°C 40% RH,Copper 21-23°C 40% RH,7,219
SARS-CoV-1,Copper,21-23,40,3,4,100,4,1.5,2,SARS-CoV-1,SARS-CoV-1 Copper 21-23°C 40% RH,Copper 21-23°C 40% RH,7,220
SARS-CoV-1,Copper,21-23,40,3,8,31.622776601683803,4,1.5,1.5,SARS-CoV-1,SARS-CoV-1 Copper 21-23°C 40% RH,Copper 21-23°C 40% RH,7,221
SARS-CoV-1,Copper,21-23,40,3,24,31.622776601683803,4,1.5,1.5,SARS-CoV-1,SARS-CoV-1 Copper 21-23°C 40% RH,Copper 21-23°C 40% RH,7,222
SARS-CoV-1,Copper,21-23,40,3,48,31.622776601683803,4,1.5,1.5,SARS-CoV-1,SARS-CoV-1 Copper 21-23°C 40% RH,Copper 21-23°C 40% RH,7,223
SARS-CoV-1,Copper,21-23,40,3,72,31.622776601683803,4,1.5,1.5,SARS-CoV-1,SARS-CoV-1 Copper 21-23°C 40% RH,Copper 21-23°C 40% RH,7,224
SARS-CoV-1,Copper,21-23,40,3,96,31.622776601683803,4,1.5,1.5,SARS-CoV-1,SARS-CoV-1 Copper 21-23°C 40% RH,Copper 21-23°C 40% RH,7,225
SARS-CoV-1,Copper,21-23,40,3,120,31.622776601683803,4,1.5,1.5,SARS-CoV-1,SARS-CoV-1 Copper 21-23°C 40% RH,Copper 21-23°C 40% RH,7,226
SARS-CoV-1,Copper,21-23,40,3,144,31.622776601683803,4,1.5,1.5,SARS-CoV-1,SARS-CoV-1 Copper 21-23°C 40% RH,Copper 21-23°C 40% RH,7,227
SARS-CoV-1,Copper,21-23,40,3,168,31.622776601683803,4,1.5,1.5,SARS-CoV-1,SARS-CoV-1 Copper 21-23°C 40% RH,Copper 21-23°C 40% RH,7,228
SARS-CoV-1,Plastic,21-23,40,1,0,5623.413251903499,4,0.5,3.75,SARS-CoV-1,SARS-CoV-1 Plastic 21-23°C 40% RH,Plastic 21-23°C 40% RH,8,229
SARS-CoV-1,Plastic,21-23,40,1,1,1000,4,0.5,3,SARS-CoV-1,SARS-CoV-1 Plastic 21-23°C 40% RH,Plastic 21-23°C 40% RH,8,230
SARS-CoV-1,Plastic,21-23,40,1,4,1000,4,0.5,3,SARS-CoV-1,SARS-CoV-1 Plastic 21-23°C 40% RH,Plastic 21-23°C 40% RH,8,231
SARS-CoV-1,Plastic,21-23,40,1,8,316.22776601683825,4,0.5,2.5,SARS-CoV-1,SARS-CoV-1 Plastic 21-23°C 40% RH,Plastic 21-23°C 40% RH,8,232
SARS-CoV-1,Plastic,21-23,40,1,24,56.234132519034915,4,0.5,1.75,SARS-CoV-1,SARS-CoV-1 Plastic 21-23°C 40% RH,Plastic 21-23°C 40% RH,8,233
SARS-CoV-1,Plastic,21-23,40,1,48,5.623413251903492,4,0.5,0.75,SARS-CoV-1,SARS-CoV-1 Plastic 21-23°C 40% RH,Plastic 21-23°C 40% RH,8,234
SARS-CoV-1,Plastic,21-23,40,1,72,5.623413251903492,4,0.5,0.75,SARS-CoV-1,SARS-CoV-1 Plastic 21-23°C 40% RH,Plastic 21-23°C 40% RH,8,235
SARS-CoV-1,Plastic,21-23,40,1,96,3.1622776601683795,4,0.5,0.5,SARS-CoV-1,SARS-CoV-1 Plastic 21-23°C 40% RH,Plastic 21-23°C 40% RH,8,236
SARS-CoV-1,Plastic,21-23,40,1,120,3.1622776601683795,4,0.5,0.5,SARS-CoV-1,SARS-CoV-1 Plastic 21-23°C 40% RH,Plastic 21-23°C 40% RH,8,237
SARS-CoV-1,Plastic,21-23,40,1,144,3.1622776601683795,4,0.5,0.5,SARS-CoV-1,SARS-CoV-1 Plastic 21-23°C 40% RH,Plastic 21-23°C 40% RH,8,238
SARS-CoV-1,Plastic,21-23,40,1,168,3.1622776601683795,4,0.5,0.5,SARS-CoV-1,SARS-CoV-1 Plastic 21-23°C 40% RH,Plastic 21-23°C 40% RH,8,239
SARS-CoV-1,Plastic,21-23,40,2,0,1000,4,0.5,3,SARS-CoV-1,SARS-CoV-1 Plastic 21-23°C 40% RH,Plastic 21-23°C 40% RH,8,240
SARS-CoV-1,Plastic,21-23,40,2,1,562.3413251903493,4,0.5,2.75,SARS-CoV-1,SARS-CoV-1 Plastic 21-23°C 40% RH,Plastic 21-23°C 40% RH,8,241
SARS-CoV-1,Plastic,21-23,40,2,4,562.3413251903493,4,0.5,2.75,SARS-CoV-1,SARS-CoV-1 Plastic 21-23°C 40% RH,Plastic 21-23°C 40% RH,8,242
SARS-CoV-1,Plastic,21-23,40,2,8,1000,4,0.5,3,SARS-CoV-1,SARS-CoV-1 Plastic 21-23°C 40% RH,Plastic 21-23°C 40% RH,8,243
SARS-CoV-1,Plastic,21-23,40,2,24,56.234132519034915,4,0.5,1.75,SARS-CoV-1,SARS-CoV-1 Plastic 21-23°C 40% RH,Plastic 21-23°C 40% RH,8,244
SARS-CoV-1,Plastic,21-23,40,2,48,10,4,0.5,1,SARS-CoV-1,SARS-CoV-1 Plastic 21-23°C 40% RH,Plastic 21-23°C 40% RH,8,245
SARS-CoV-1,Plastic,21-23,40,2,72,3.1622776601683795,4,0.5,0.5,SARS-CoV-1,SARS-CoV-1 Plastic 21-23°C 40% RH,Plastic 21-23°C 40% RH,8,246
SARS-CoV-1,Plastic,21-23,40,2,96,3.1622776601683795,4,0.5,0.5,SARS-CoV-1,SARS-CoV-1 Plastic 21-23°C 40% RH,Plastic 21-23°C 40% RH,8,247
SARS-CoV-1,Plastic,21-23,40,2,120,3.1622776601683795,4,0.5,0.5,SARS-CoV-1,SARS-CoV-1 Plastic 21-23°C 40% RH,Plastic 21-23°C 40% RH,8,248
SARS-CoV-1,Plastic,21-23,40,2,144,3.1622776601683795,4,0.5,0.5,SARS-CoV-1,SARS-CoV-1 Plastic 21-23°C 40% RH,Plastic 21-23°C 40% RH,8,249
SARS-CoV-1,Plastic,21-23,40,2,168,3.1622776601683795,4,0.5,0.5,SARS-CoV-1,SARS-CoV-1 Plastic 21-23°C 40% RH,Plastic 21-23°C 40% RH,8,250
SARS-CoV-1,Plastic,21-23,40,3,0,1778.2794100389244,4,0.5,3.25,SARS-CoV-1,SARS-CoV-1 Plastic 21-23°C 40% RH,Plastic 21-23°C 40% RH,8,251
SARS-CoV-1,Plastic,21-23,40,3,1,1000,4,0.5,3,SARS-CoV-1,SARS-CoV-1 Plastic 21-23°C 40% RH,Plastic 21-23°C 40% RH,8,252
SARS-CoV-1,Plastic,21-23,40,3,4,1778.2794100389244,4,0.5,3.25,SARS-CoV-1,SARS-CoV-1 Plastic 21-23°C 40% RH,Plastic 21-23°C 40% RH,8,253
SARS-CoV-1,Plastic,21-23,40,3,8,177.82794100389242,4,0.5,2.25,SARS-CoV-1,SARS-CoV-1 Plastic 21-23°C 40% RH,Plastic 21-23°C 40% RH,8,254
SARS-CoV-1,Plastic,21-23,40,3,24,100,4,0.5,2,SARS-CoV-1,SARS-CoV-1 Plastic 21-23°C 40% RH,Plastic 21-23°C 40% RH,8,255
SARS-CoV-1,Plastic,21-23,40,3,48,5.623413251903492,4,0.5,0.75,SARS-CoV-1,SARS-CoV-1 Plastic 21-23°C 40% RH,Plastic 21-23°C 40% RH,8,256
SARS-CoV-1,Plastic,21-23,40,3,72,5.623413251903492,4,0.5,0.75,SARS-CoV-1,SARS-CoV-1 Plastic 21-23°C 40% RH,Plastic 21-23°C 40% RH,8,257
SARS-CoV-1,Plastic,21-23,40,3,96,3.1622776601683795,4,0.5,0.5,SARS-CoV-1,SARS-CoV-1 Plastic 21-23°C 40% RH,Plastic 21-23°C 40% RH,8,258
SARS-CoV-1,Plastic,21-23,40,3,120,3.1622776601683795,4,0.5,0.5,SARS-CoV-1,SARS-CoV-1 Plastic 21-23°C 40% RH,Plastic 21-23°C 40% RH,8,259
SARS-CoV-1,Plastic,21-23,40,3,144,3.1622776601683795,4,0.5,0.5,SARS-CoV-1,SARS-CoV-1 Plastic 21-23°C 40% RH,Plastic 21-23°C 40% RH,8,260
SARS-CoV-1,Plastic,21-23,40,3,168,3.1622776601683795,4,0.5,0.5,SARS-CoV-1,SARS-CoV-1 Plastic 21-23°C 40% RH,Plastic 21-23°C 40% RH,8,261
SARS-CoV-1,Steel,21-23,40,1,0,5623.413251903499,4,0.5,3.75,SARS-CoV-1,SARS-CoV-1 Steel 21-23°C 40% RH,Steel 21-23°C 40% RH,9,262
SARS-CoV-1,Steel,21-23,40,1,1,3162.2776601683804,4,0.5,3.5,SARS-CoV-1,SARS-CoV-1 Steel 21-23°C 40% RH,Steel 21-23°C 40% RH,9,263
SARS-CoV-1,Steel,21-23,40,1,4,1000,4,0.5,3,SARS-CoV-1,SARS-CoV-1 Steel 21-23°C 40% RH,Steel 21-23°C 40% RH,9,264
SARS-CoV-1,Steel,21-23,40,1,8,1778.2794100389244,4,0.5,3.25,SARS-CoV-1,SARS-CoV-1 Steel 21-23°C 40% RH,Steel 21-23°C 40% RH,9,265
SARS-CoV-1,Steel,21-23,40,1,24,10,4,0.5,1,SARS-CoV-1,SARS-CoV-1 Steel 21-23°C 40% RH,Steel 21-23°C 40% RH,9,266
SARS-CoV-1,Steel,21-23,40,1,48,3.1622776601683795,4,0.5,0.5,SARS-CoV-1,SARS-CoV-1 Steel 21-23°C 40% RH,Steel 21-23°C 40% RH,9,267
SARS-CoV-1,Steel,21-23,40,1,72,3.1622776601683795,4,0.5,0.5,SARS-CoV-1,SARS-CoV-1 Steel 21-23°C 40% RH,Steel 21-23°C 40% RH,9,268
SARS-CoV-1,Steel,21-23,40,1,96,3.1622776601683795,4,0.5,0.5,SARS-CoV-1,SARS-CoV-1 Steel 21-23°C 40% RH,Steel 21-23°C 40% RH,9,269
SARS-CoV-1,Steel,21-23,40,1,120,3.1622776601683795,4,0.5,0.5,SARS-CoV-1,SARS-CoV-1 Steel 21-23°C 40% RH,Steel 21-23°C 40% RH,9,270
SARS-CoV-1,Steel,21-23,40,1,144,3.1622776601683795,4,0.5,0.5,SARS-CoV-1,SARS-CoV-1 Steel 21-23°C 40% RH,Steel 21-23°C 40% RH,9,271
SARS-CoV-1,Steel,21-23,40,1,168,3.1622776601683795,4,0.5,0.5,SARS-CoV-1,SARS-CoV-1 Steel 21-23°C 40% RH,Steel 21-23°C 40% RH,9,272
SARS-CoV-1,Steel,21-23,40,2,0,5623.413251903499,4,0.5,3.75,SARS-CoV-1,SARS-CoV-1 Steel 21-23°C 40% RH,Steel 21-23°C 40% RH,9,273
SARS-CoV-1,Steel,21-23,40,2,1,1000,4,0.5,3,SARS-CoV-1,SARS-CoV-1 Steel 21-23°C 40% RH,Steel 21-23°C 40% RH,9,274
SARS-CoV-1,Steel,21-23,40,2,4,1000,4,0.5,3,SARS-CoV-1,SARS-CoV-1 Steel 21-23°C 40% RH,Steel 21-23°C 40% RH,9,275
SARS-CoV-1,Steel,21-23,40,2,8,562.3413251903493,4,0.5,2.75,SARS-CoV-1,SARS-CoV-1 Steel 21-23°C 40% RH,Steel 21-23°C 40% RH,9,276
SARS-CoV-1,Steel,21-23,40,2,24,10,4,0.5,1,SARS-CoV-1,SARS-CoV-1 Steel 21-23°C 40% RH,Steel 21-23°C 40% RH,9,277
SARS-CoV-1,Steel,21-23,40,2,48,3.1622776601683795,4,0.5,0.5,SARS-CoV-1,SARS-CoV-1 Steel 21-23°C 40% RH,Steel 21-23°C 40% RH,9,278
SARS-CoV-1,Steel,21-23,40,2,72,3.1622776601683795,4,0.5,0.5,SARS-CoV-1,SARS-CoV-1 Steel 21-23°C 40% RH,Steel 21-23°C 40% RH,9,279
SARS-CoV-1,Steel,21-23,40,2,96,3.1622776601683795,4,0.5,0.5,SARS-CoV-1,SARS-CoV-1 Steel 21-23°C 40% RH,Steel 21-23°C 40% RH,9,280
SARS-CoV-1,Steel,21-23,40,2,120,3.1622776601683795,4,0.5,0.5,SARS-CoV-1,SARS-CoV-1 Steel 21-23°C 40% RH,Steel 21-23°C 40% RH,9,281
SARS-CoV-1,Steel,21-23,40,2,144,3.1622776601683795,4,0.5,0.5,SARS-CoV-1,SARS-CoV-1 Steel 21-23°C 40% RH,Steel 21-23°C 40% RH,9,282
SARS-CoV-1,Steel,21-23,40,2,168,3.1622776601683795,4,0.5,0.5,SARS-CoV-1,SARS-CoV-1 Steel 21-23°C 40% RH,Steel 21-23°C 40% RH,9,283
SARS-CoV-1,Steel,21-23,40,3,0,1778.2794100389244,4,0.5,3.25,SARS-CoV-1,SARS-CoV-1 Steel 21-23°C 40% RH,Steel 21-23°C 40% RH,9,284
SARS-CoV-1,Steel,21-23,40,3,1,3162.2776601683804,4,0.5,3.5,SARS-CoV-1,SARS-CoV-1 Steel 21-23°C 40% RH,Steel 21-23°C 40% RH,9,285
SARS-CoV-1,Steel,21-23,40,3,4,562.3413251903493,4,0.5,2.75,SARS-CoV-1,SARS-CoV-1 Steel 21-23°C 40% RH,Steel 21-23°C 40% RH,9,286
SARS-CoV-1,Steel,21-23,40,3,8,316.22776601683825,4,0.5,2.5,SARS-CoV-1,SARS-CoV-1 Steel 21-23°C 40% RH,Steel 21-23°C 40% RH,9,287
SARS-CoV-1,Steel,21-23,40,3,24,100,4,0.5,2,SARS-CoV-1,SARS-CoV-1 Steel 21-23°C 40% RH,Steel 21-23°C 40% RH,9,288
SARS-CoV-1,Steel,21-23,40,3,48,5.623413251903492,4,0.5,0.75,SARS-CoV-1,SARS-CoV-1 Steel 21-23°C 40% RH,Steel 21-23°C 40% RH,9,289
SARS-CoV-1,Steel,21-23,40,3,72,3.1622776601683795,4,0.5,0.5,SARS-CoV-1,SARS-CoV-1 Steel 21-23°C 40% RH,Steel 21-23°C 40% RH,9,290
SARS-CoV-1,Steel,21-23,40,3,96,3.1622776601683795,4,0.5,0.5,SARS-CoV-1,SARS-CoV-1 Steel 21-23°C 40% RH,Steel 21-23°C 40% RH,9,291
SARS-CoV-1,Steel,21-23,40,3,120,3.1622776601683795,4,0.5,0.5,SARS-CoV-1,SARS-CoV-1 Steel 21-23°C 40% RH,Steel 21-23°C 40% RH,9,292
SARS-CoV-1,Steel,21-23,40,3,144,3.1622776601683795,4,0.5,0.5,SARS-CoV-1,SARS-CoV-1 Steel 21-23°C 40% RH,Steel 21-23°C 40% RH,9,293
SARS-CoV-1,Steel,21-23,40,3,168,3.1622776601683795,4,0.5,0.5,SARS-CoV-1,SARS-CoV-1 Steel 21-23°C 40% RH,Steel 21-23°C 40% RH,9,294
